Category,Years_Experience,Cluster,Experience_Level,Senior_Keywords,Entry_Keywords,Leadership_Keywords
Data Science,2.9738656427132,1,Entry-Level,1,0,0
Data Science,2.721339463425658,1,Entry-Level,0,0,0
Data Science,7.847080208099808,1,Entry-Level,1,0,0
Data Science,10.2257409662671,2,Mid-Level,3,1,1
Data Science,0.08261393013032725,1,Entry-Level,0,2,0
Data Science,2.2000775663536807,1,Entry-Level,1,1,0
Data Science,6.948729303211618,1,Entry-Level,1,0,0
Data Science,9.443576304876913,2,Mid-Level,2,0,2
Data Science,3.3787353056167264,1,Entry-Level,0,0,1
Data Science,9.537842315012806,0,Senior-Level,3,2,4
Data Science,2.9738656427132,1,Entry-Level,1,0,0
Data Science,2.721339463425658,1,Entry-Level,0,0,0
Data Science,7.847080208099808,1,Entry-Level,1,0,0
Data Science,10.2257409662671,2,Mid-Level,3,1,1
Data Science,0.08261393013032725,1,Entry-Level,0,2,0
Data Science,2.2000775663536807,1,Entry-Level,1,1,0
Data Science,6.948729303211618,1,Entry-Level,1,0,0
Data Science,9.443576304876913,2,Mid-Level,2,0,2
Data Science,3.3787353056167264,1,Entry-Level,0,0,1
Data Science,9.537842315012806,0,Senior-Level,3,2,4
Data Science,2.9738656427132,1,Entry-Level,1,0,0
Data Science,2.721339463425658,1,Entry-Level,0,0,0
Data Science,7.847080208099808,1,Entry-Level,1,0,0
Data Science,10.2257409662671,2,Mid-Level,3,1,1
Data Science,0.08261393013032725,1,Entry-Level,0,2,0
Data Science,2.2000775663536807,1,Entry-Level,1,1,0
Data Science,6.948729303211618,1,Entry-Level,1,0,0
Data Science,9.443576304876913,2,Mid-Level,2,0,2
Data Science,3.3787353056167264,1,Entry-Level,0,0,1
Data Science,9.537842315012806,0,Senior-Level,3,2,4
Data Science,2.9738656427132,1,Entry-Level,1,0,0
Data Science,2.721339463425658,1,Entry-Level,0,0,0
Data Science,7.847080208099808,1,Entry-Level,1,0,0
Data Science,10.2257409662671,2,Mid-Level,3,1,1
Data Science,0.08261393013032725,1,Entry-Level,0,2,0
Data Science,2.2000775663536807,1,Entry-Level,1,1,0
Data Science,6.948729303211618,1,Entry-Level,1,0,0
Data Science,9.443576304876913,2,Mid-Level,2,0,2
Data Science,3.3787353056167264,1,Entry-Level,0,0,1
Data Science,9.537842315012806,0,Senior-Level,3,2,4
HR,3.584011535695437,1,Entry-Level,0,0,0
HR,2.4900269670722497,1,Entry-Level,0,1,0
HR,3.3809195540424897,1,Entry-Level,0,0,0
HR,3.9859603504469776,1,Entry-Level,0,0,0
HR,3.9859603504469776,1,Entry-Level,0,0,0
HR,3.8910559022384583,1,Entry-Level,0,0,0
HR,3.481702672082925,1,Entry-Level,0,0,0
HR,3.9729258347347365,1,Entry-Level,2,2,1
HR,1.7507886100124719,1,Entry-Level,0,2,0
HR,6.774661602435488,1,Entry-Level,1,0,1
HR,3.229552468455885,1,Entry-Level,0,0,0
HR,3.584011535695437,1,Entry-Level,0,0,0
HR,2.4900269670722497,1,Entry-Level,0,1,0
HR,3.3809195540424897,1,Entry-Level,0,0,0
HR,3.9859603504469776,1,Entry-Level,0,0,0
HR,3.9859603504469776,1,Entry-Level,0,0,0
HR,3.8910559022384583,1,Entry-Level,0,0,0
HR,3.481702672082925,1,Entry-Level,0,0,0
HR,3.9729258347347365,1,Entry-Level,2,2,1
HR,1.7507886100124719,1,Entry-Level,0,2,0
HR,6.774661602435488,1,Entry-Level,1,0,1
HR,3.229552468455885,1,Entry-Level,0,0,0
HR,3.584011535695437,1,Entry-Level,0,0,0
HR,2.4900269670722497,1,Entry-Level,0,1,0
HR,3.3809195540424897,1,Entry-Level,0,0,0
HR,3.9859603504469776,1,Entry-Level,0,0,0
HR,3.9859603504469776,1,Entry-Level,0,0,0
HR,3.8910559022384583,1,Entry-Level,0,0,0
HR,3.481702672082925,1,Entry-Level,0,0,0
HR,3.9729258347347365,1,Entry-Level,2,2,1
HR,1.7507886100124719,1,Entry-Level,0,2,0
HR,6.774661602435488,1,Entry-Level,1,0,1
HR,3.229552468455885,1,Entry-Level,0,0,0
HR,3.584011535695437,1,Entry-Level,0,0,0
HR,2.4900269670722497,1,Entry-Level,0,1,0
HR,3.3809195540424897,1,Entry-Level,0,0,0
HR,3.9859603504469776,1,Entry-Level,0,0,0
HR,3.9859603504469776,1,Entry-Level,0,0,0
HR,3.8910559022384583,1,Entry-Level,0,0,0
HR,3.481702672082925,1,Entry-Level,0,0,0
HR,3.9729258347347365,1,Entry-Level,2,2,1
HR,1.7507886100124719,1,Entry-Level,0,2,0
HR,6.774661602435488,1,Entry-Level,1,0,1
HR,3.229552468455885,1,Entry-Level,0,0,0
Advocate,3.31285534843028,1,Entry-Level,0,0,0
Advocate,3.526286726190574,1,Entry-Level,0,0,0
Advocate,2.9949303968593863,1,Entry-Level,0,0,0
Advocate,3.6444153065871836,1,Entry-Level,1,1,0
Advocate,12.0,2,Mid-Level,1,1,1
Advocate,2.070112890590766,1,Entry-Level,0,0,0
Advocate,1.7269489301759156,1,Entry-Level,0,2,0
Advocate,2.84401408217281,1,Entry-Level,0,0,1
Advocate,3.0076216522702146,1,Entry-Level,0,0,1
Advocate,3.3700961512283563,1,Entry-Level,0,0,0
Advocate,3.31285534843028,1,Entry-Level,0,0,0
Advocate,3.526286726190574,1,Entry-Level,0,0,0
Advocate,2.9949303968593863,1,Entry-Level,0,0,0
Advocate,3.6444153065871836,1,Entry-Level,1,1,0
Advocate,12.0,2,Mid-Level,1,1,1
Advocate,2.070112890590766,1,Entry-Level,0,0,0
Advocate,1.7269489301759156,1,Entry-Level,0,2,0
Advocate,2.84401408217281,1,Entry-Level,0,0,1
Advocate,3.0076216522702146,1,Entry-Level,0,0,1
Advocate,3.3700961512283563,1,Entry-Level,0,0,0
Arts,6.672277519332418,1,Entry-Level,2,1,1
Arts,3.238840204856767,1,Entry-Level,0,0,1
Arts,20.0,0,Senior-Level,6,1,1
Arts,2.0910822218217904,1,Entry-Level,0,0,0
Arts,3.926747652401551,1,Entry-Level,0,0,0
Arts,7.480416521047621,1,Entry-Level,2,0,0
Arts,6.672277519332418,1,Entry-Level,2,1,1
Arts,3.238840204856767,1,Entry-Level,0,0,1
Arts,20.0,0,Senior-Level,6,1,1
Arts,2.0910822218217904,1,Entry-Level,0,0,0
Arts,3.926747652401551,1,Entry-Level,0,0,0
Arts,7.480416521047621,1,Entry-Level,2,0,0
Arts,6.672277519332418,1,Entry-Level,2,1,1
Arts,3.238840204856767,1,Entry-Level,0,0,1
Arts,20.0,0,Senior-Level,6,1,1
Arts,2.0910822218217904,1,Entry-Level,0,0,0
Arts,3.926747652401551,1,Entry-Level,0,0,0
Arts,7.480416521047621,1,Entry-Level,2,0,0
Arts,6.672277519332418,1,Entry-Level,2,1,1
Arts,3.238840204856767,1,Entry-Level,0,0,1
Arts,20.0,0,Senior-Level,6,1,1
Arts,2.0910822218217904,1,Entry-Level,0,0,0
Arts,3.926747652401551,1,Entry-Level,0,0,0
Arts,7.480416521047621,1,Entry-Level,2,0,0
Arts,6.672277519332418,1,Entry-Level,2,1,1
Arts,3.238840204856767,1,Entry-Level,0,0,1
Arts,20.0,0,Senior-Level,6,1,1
Arts,2.0910822218217904,1,Entry-Level,0,0,0
Arts,3.926747652401551,1,Entry-Level,0,0,0
Arts,7.480416521047621,1,Entry-Level,2,0,0
Arts,6.672277519332418,1,Entry-Level,2,1,1
Arts,3.238840204856767,1,Entry-Level,0,0,1
Arts,20.0,0,Senior-Level,6,1,1
Arts,2.0910822218217904,1,Entry-Level,0,0,0
Arts,3.926747652401551,1,Entry-Level,0,0,0
Arts,7.480416521047621,1,Entry-Level,2,0,0
Web Designing,5.183019527604662,1,Entry-Level,1,1,0
Web Designing,3.482647777816733,1,Entry-Level,0,0,0
Web Designing,5.183019527604662,1,Entry-Level,1,1,0
Web Designing,2.7756704035083537,1,Entry-Level,0,0,0
Web Designing,3.7320954967238524,1,Entry-Level,1,2,1
Web Designing,5.183019527604662,1,Entry-Level,1,1,0
Web Designing,3.482647777816733,1,Entry-Level,0,0,0
Web Designing,5.183019527604662,1,Entry-Level,1,1,0
Web Designing,2.7756704035083537,1,Entry-Level,0,0,0
Web Designing,3.7320954967238524,1,Entry-Level,1,2,1
Web Designing,5.183019527604662,1,Entry-Level,1,1,0
Web Designing,3.482647777816733,1,Entry-Level,0,0,0
Web Designing,5.183019527604662,1,Entry-Level,1,1,0
Web Designing,2.7756704035083537,1,Entry-Level,0,0,0
Web Designing,3.7320954967238524,1,Entry-Level,1,2,1
Web Designing,5.183019527604662,1,Entry-Level,1,1,0
Web Designing,3.482647777816733,1,Entry-Level,0,0,0
Web Designing,5.183019527604662,1,Entry-Level,1,1,0
Web Designing,2.7756704035083537,1,Entry-Level,0,0,0
Web Designing,3.7320954967238524,1,Entry-Level,1,2,1
Web Designing,5.183019527604662,1,Entry-Level,1,1,0
Web Designing,3.482647777816733,1,Entry-Level,0,0,0
Web Designing,5.183019527604662,1,Entry-Level,1,1,0
Web Designing,2.7756704035083537,1,Entry-Level,0,0,0
Web Designing,3.7320954967238524,1,Entry-Level,1,2,1
Web Designing,5.183019527604662,1,Entry-Level,1,1,0
Web Designing,3.482647777816733,1,Entry-Level,0,0,0
Web Designing,5.183019527604662,1,Entry-Level,1,1,0
Web Designing,2.7756704035083537,1,Entry-Level,0,0,0
Web Designing,3.7320954967238524,1,Entry-Level,1,2,1
Web Designing,5.183019527604662,1,Entry-Level,1,1,0
Web Designing,3.482647777816733,1,Entry-Level,0,0,0
Web Designing,5.183019527604662,1,Entry-Level,1,1,0
Web Designing,2.7756704035083537,1,Entry-Level,0,0,0
Web Designing,3.7320954967238524,1,Entry-Level,1,2,1
Web Designing,5.183019527604662,1,Entry-Level,1,1,0
Web Designing,3.482647777816733,1,Entry-Level,0,0,0
Web Designing,5.183019527604662,1,Entry-Level,1,1,0
Web Designing,2.7756704035083537,1,Entry-Level,0,0,0
Web Designing,3.7320954967238524,1,Entry-Level,1,2,1
Web Designing,5.183019527604662,1,Entry-Level,1,1,0
Web Designing,3.482647777816733,1,Entry-Level,0,0,0
Web Designing,5.183019527604662,1,Entry-Level,1,1,0
Web Designing,2.7756704035083537,1,Entry-Level,0,0,0
Web Designing,3.7320954967238524,1,Entry-Level,1,2,1
Mechanical Engineer,13.736979932721443,0,Senior-Level,5,1,2
Mechanical Engineer,3.829809649932389,1,Entry-Level,0,1,1
Mechanical Engineer,2.4843309546185033,1,Entry-Level,0,0,0
Mechanical Engineer,1.0,1,Entry-Level,1,0,1
Mechanical Engineer,3.315301529182202,1,Entry-Level,0,0,0
Mechanical Engineer,13.736979932721443,0,Senior-Level,5,1,2
Mechanical Engineer,3.829809649932389,1,Entry-Level,0,1,1
Mechanical Engineer,2.4843309546185033,1,Entry-Level,0,0,0
Mechanical Engineer,1.0,1,Entry-Level,1,0,1
Mechanical Engineer,3.315301529182202,1,Entry-Level,0,0,0
Mechanical Engineer,13.736979932721443,0,Senior-Level,5,1,2
Mechanical Engineer,3.829809649932389,1,Entry-Level,0,1,1
Mechanical Engineer,2.4843309546185033,1,Entry-Level,0,0,0
Mechanical Engineer,1.0,1,Entry-Level,1,0,1
Mechanical Engineer,3.315301529182202,1,Entry-Level,0,0,0
Mechanical Engineer,13.736979932721443,0,Senior-Level,5,1,2
Mechanical Engineer,3.829809649932389,1,Entry-Level,0,1,1
Mechanical Engineer,2.4843309546185033,1,Entry-Level,0,0,0
Mechanical Engineer,1.0,1,Entry-Level,1,0,1
Mechanical Engineer,3.315301529182202,1,Entry-Level,0,0,0
Mechanical Engineer,13.736979932721443,0,Senior-Level,5,1,2
Mechanical Engineer,3.829809649932389,1,Entry-Level,0,1,1
Mechanical Engineer,2.4843309546185033,1,Entry-Level,0,0,0
Mechanical Engineer,1.0,1,Entry-Level,1,0,1
Mechanical Engineer,3.315301529182202,1,Entry-Level,0,0,0
Mechanical Engineer,13.736979932721443,0,Senior-Level,5,1,2
Mechanical Engineer,3.829809649932389,1,Entry-Level,0,1,1
Mechanical Engineer,2.4843309546185033,1,Entry-Level,0,0,0
Mechanical Engineer,1.0,1,Entry-Level,1,0,1
Mechanical Engineer,3.315301529182202,1,Entry-Level,0,0,0
Mechanical Engineer,13.736979932721443,0,Senior-Level,5,1,2
Mechanical Engineer,3.829809649932389,1,Entry-Level,0,1,1
Mechanical Engineer,2.4843309546185033,1,Entry-Level,0,0,0
Mechanical Engineer,1.0,1,Entry-Level,1,0,1
Mechanical Engineer,3.315301529182202,1,Entry-Level,0,0,0
Mechanical Engineer,13.736979932721443,0,Senior-Level,5,1,2
Mechanical Engineer,3.829809649932389,1,Entry-Level,0,1,1
Mechanical Engineer,2.4843309546185033,1,Entry-Level,0,0,0
Mechanical Engineer,1.0,1,Entry-Level,1,0,1
Mechanical Engineer,3.315301529182202,1,Entry-Level,0,0,0
Sales,7.24240229088031,1,Entry-Level,2,0,0
Sales,5.449599664599379,1,Entry-Level,2,0,1
Sales,4.011960982000552,1,Entry-Level,2,0,1
Sales,9.149790608144668,2,Mid-Level,5,0,0
Sales,6.590204197412094,1,Entry-Level,2,0,0
Sales,7.24240229088031,1,Entry-Level,2,0,0
Sales,5.449599664599379,1,Entry-Level,2,0,1
Sales,4.011960982000552,1,Entry-Level,2,0,1
Sales,9.149790608144668,2,Mid-Level,5,0,0
Sales,6.590204197412094,1,Entry-Level,2,0,0
Sales,7.24240229088031,1,Entry-Level,2,0,0
Sales,5.449599664599379,1,Entry-Level,2,0,1
Sales,4.011960982000552,1,Entry-Level,2,0,1
Sales,9.149790608144668,2,Mid-Level,5,0,0
Sales,6.590204197412094,1,Entry-Level,2,0,0
Sales,7.24240229088031,1,Entry-Level,2,0,0
Sales,5.449599664599379,1,Entry-Level,2,0,1
Sales,4.011960982000552,1,Entry-Level,2,0,1
Sales,9.149790608144668,2,Mid-Level,5,0,0
Sales,6.590204197412094,1,Entry-Level,2,0,0
Sales,7.24240229088031,1,Entry-Level,2,0,0
Sales,5.449599664599379,1,Entry-Level,2,0,1
Sales,4.011960982000552,1,Entry-Level,2,0,1
Sales,9.149790608144668,2,Mid-Level,5,0,0
Sales,6.590204197412094,1,Entry-Level,2,0,0
Sales,7.24240229088031,1,Entry-Level,2,0,0
Sales,5.449599664599379,1,Entry-Level,2,0,1
Sales,4.011960982000552,1,Entry-Level,2,0,1
Sales,9.149790608144668,2,Mid-Level,5,0,0
Sales,6.590204197412094,1,Entry-Level,2,0,0
Sales,7.24240229088031,1,Entry-Level,2,0,0
Sales,5.449599664599379,1,Entry-Level,2,0,1
Sales,4.011960982000552,1,Entry-Level,2,0,1
Sales,9.149790608144668,2,Mid-Level,5,0,0
Sales,6.590204197412094,1,Entry-Level,2,0,0
Sales,7.24240229088031,1,Entry-Level,2,0,0
Sales,5.449599664599379,1,Entry-Level,2,0,1
Sales,4.011960982000552,1,Entry-Level,2,0,1
Sales,9.149790608144668,2,Mid-Level,5,0,0
Sales,6.590204197412094,1,Entry-Level,2,0,0
Health and fitness,2.848586612612583,1,Entry-Level,0,0,0
Health and fitness,2.097810675132015,1,Entry-Level,0,1,1
Health and fitness,4.791828546482696,1,Entry-Level,1,1,2
Health and fitness,12.676744021108664,2,Mid-Level,3,1,1
Health and fitness,6.404459727134583,1,Entry-Level,1,0,1
Health and fitness,12.739791129830206,2,Mid-Level,2,0,1
Health and fitness,2.848586612612583,1,Entry-Level,0,0,0
Health and fitness,2.097810675132015,1,Entry-Level,0,1,1
Health and fitness,4.791828546482696,1,Entry-Level,1,1,2
Health and fitness,12.676744021108664,2,Mid-Level,3,1,1
Health and fitness,6.404459727134583,1,Entry-Level,1,0,1
Health and fitness,12.739791129830206,2,Mid-Level,2,0,1
Health and fitness,2.848586612612583,1,Entry-Level,0,0,0
Health and fitness,2.097810675132015,1,Entry-Level,0,1,1
Health and fitness,4.791828546482696,1,Entry-Level,1,1,2
Health and fitness,12.676744021108664,2,Mid-Level,3,1,1
Health and fitness,6.404459727134583,1,Entry-Level,1,0,1
Health and fitness,12.739791129830206,2,Mid-Level,2,0,1
Health and fitness,2.848586612612583,1,Entry-Level,0,0,0
Health and fitness,2.097810675132015,1,Entry-Level,0,1,1
Health and fitness,4.791828546482696,1,Entry-Level,1,1,2
Health and fitness,12.676744021108664,2,Mid-Level,3,1,1
Health and fitness,6.404459727134583,1,Entry-Level,1,0,1
Health and fitness,12.739791129830206,2,Mid-Level,2,0,1
Health and fitness,2.848586612612583,1,Entry-Level,0,0,0
Health and fitness,2.097810675132015,1,Entry-Level,0,1,1
Health and fitness,4.791828546482696,1,Entry-Level,1,1,2
Health and fitness,12.676744021108664,2,Mid-Level,3,1,1
Health and fitness,6.404459727134583,1,Entry-Level,1,0,1
Health and fitness,12.739791129830206,2,Mid-Level,2,0,1
Civil Engineer,12.268137236920523,0,Senior-Level,2,1,1
Civil Engineer,3.5433062338137775,1,Entry-Level,0,0,0
Civil Engineer,12.295001154177776,2,Mid-Level,1,0,1
Civil Engineer,13.85492908277428,2,Mid-Level,3,1,1
Civil Engineer,9.33436809288093,2,Mid-Level,3,0,1
Civil Engineer,2.193172543102265,1,Entry-Level,0,0,0
Civil Engineer,12.268137236920523,0,Senior-Level,2,1,1
Civil Engineer,3.5433062338137775,1,Entry-Level,0,0,0
Civil Engineer,12.295001154177776,2,Mid-Level,1,0,1
Civil Engineer,13.85492908277428,2,Mid-Level,3,1,1
Civil Engineer,9.33436809288093,2,Mid-Level,3,0,1
Civil Engineer,2.193172543102265,1,Entry-Level,0,0,0
Civil Engineer,12.268137236920523,0,Senior-Level,2,1,1
Civil Engineer,3.5433062338137775,1,Entry-Level,0,0,0
Civil Engineer,12.295001154177776,2,Mid-Level,1,0,1
Civil Engineer,13.85492908277428,2,Mid-Level,3,1,1
Civil Engineer,9.33436809288093,2,Mid-Level,3,0,1
Civil Engineer,2.193172543102265,1,Entry-Level,0,0,0
Civil Engineer,12.268137236920523,0,Senior-Level,2,1,1
Civil Engineer,3.5433062338137775,1,Entry-Level,0,0,0
Civil Engineer,12.295001154177776,2,Mid-Level,1,0,1
Civil Engineer,13.85492908277428,2,Mid-Level,3,1,1
Civil Engineer,9.33436809288093,2,Mid-Level,3,0,1
Civil Engineer,2.193172543102265,1,Entry-Level,0,0,0
Java Developer,3.6621116827455005,1,Entry-Level,0,0,0
Java Developer,3.0276628215686943,1,Entry-Level,0,1,1
Java Developer,6.902027936526509,1,Entry-Level,1,0,1
Java Developer,3.000818756286599,1,Entry-Level,0,0,1
Java Developer,3.75038680429115,1,Entry-Level,0,1,1
Java Developer,2.1551801789290375,1,Entry-Level,0,0,1
Java Developer,3.668753452133603,1,Entry-Level,0,1,0
Java Developer,3.668753452133603,1,Entry-Level,0,1,0
Java Developer,2.711534803624552,1,Entry-Level,0,0,0
Java Developer,3.650748297985516,1,Entry-Level,0,0,0
Java Developer,12.297054509342104,2,Mid-Level,2,0,1
Java Developer,2.2716460922281083,1,Entry-Level,1,2,0
Java Developer,5.252891801287506,1,Entry-Level,1,0,2
Java Developer,2.0,1,Entry-Level,0,0,1
Java Developer,3.6621116827455005,1,Entry-Level,0,0,0
Java Developer,3.0276628215686943,1,Entry-Level,0,1,1
Java Developer,6.902027936526509,1,Entry-Level,1,0,1
Java Developer,3.000818756286599,1,Entry-Level,0,0,1
Java Developer,3.75038680429115,1,Entry-Level,0,1,1
Java Developer,2.1551801789290375,1,Entry-Level,0,0,1
Java Developer,3.668753452133603,1,Entry-Level,0,1,0
Java Developer,3.668753452133603,1,Entry-Level,0,1,0
Java Developer,2.711534803624552,1,Entry-Level,0,0,0
Java Developer,3.650748297985516,1,Entry-Level,0,0,0
Java Developer,12.297054509342104,2,Mid-Level,2,0,1
Java Developer,2.2716460922281083,1,Entry-Level,1,2,0
Java Developer,5.252891801287506,1,Entry-Level,1,0,2
Java Developer,2.0,1,Entry-Level,0,0,1
Java Developer,3.6621116827455005,1,Entry-Level,0,0,0
Java Developer,3.0276628215686943,1,Entry-Level,0,1,1
Java Developer,6.902027936526509,1,Entry-Level,1,0,1
Java Developer,3.000818756286599,1,Entry-Level,0,0,1
Java Developer,3.75038680429115,1,Entry-Level,0,1,1
Java Developer,2.1551801789290375,1,Entry-Level,0,0,1
Java Developer,3.668753452133603,1,Entry-Level,0,1,0
Java Developer,3.668753452133603,1,Entry-Level,0,1,0
Java Developer,2.711534803624552,1,Entry-Level,0,0,0
Java Developer,3.650748297985516,1,Entry-Level,0,0,0
Java Developer,12.297054509342104,2,Mid-Level,2,0,1
Java Developer,2.2716460922281083,1,Entry-Level,1,2,0
Java Developer,5.252891801287506,1,Entry-Level,1,0,2
Java Developer,2.0,1,Entry-Level,0,0,1
Java Developer,3.6621116827455005,1,Entry-Level,0,0,0
Java Developer,3.0276628215686943,1,Entry-Level,0,1,1
Java Developer,6.902027936526509,1,Entry-Level,1,0,1
Java Developer,3.000818756286599,1,Entry-Level,0,0,1
Java Developer,3.75038680429115,1,Entry-Level,0,1,1
Java Developer,2.1551801789290375,1,Entry-Level,0,0,1
Java Developer,3.668753452133603,1,Entry-Level,0,1,0
Java Developer,3.668753452133603,1,Entry-Level,0,1,0
Java Developer,2.711534803624552,1,Entry-Level,0,0,0
Java Developer,3.650748297985516,1,Entry-Level,0,0,0
Java Developer,12.297054509342104,2,Mid-Level,2,0,1
Java Developer,2.2716460922281083,1,Entry-Level,1,2,0
Java Developer,5.252891801287506,1,Entry-Level,1,0,2
Java Developer,2.0,1,Entry-Level,0,0,1
Java Developer,3.6621116827455005,1,Entry-Level,0,0,0
Java Developer,3.0276628215686943,1,Entry-Level,0,1,1
Java Developer,6.902027936526509,1,Entry-Level,1,0,1
Java Developer,3.000818756286599,1,Entry-Level,0,0,1
Java Developer,3.75038680429115,1,Entry-Level,0,1,1
Java Developer,2.1551801789290375,1,Entry-Level,0,0,1
Java Developer,3.668753452133603,1,Entry-Level,0,1,0
Java Developer,3.668753452133603,1,Entry-Level,0,1,0
Java Developer,2.711534803624552,1,Entry-Level,0,0,0
Java Developer,3.650748297985516,1,Entry-Level,0,0,0
Java Developer,12.297054509342104,2,Mid-Level,2,0,1
Java Developer,2.2716460922281083,1,Entry-Level,1,2,0
Java Developer,5.252891801287506,1,Entry-Level,1,0,2
Java Developer,2.0,1,Entry-Level,0,0,1
Java Developer,3.6621116827455005,1,Entry-Level,0,0,0
Java Developer,3.0276628215686943,1,Entry-Level,0,1,1
Java Developer,6.902027936526509,1,Entry-Level,1,0,1
Java Developer,3.000818756286599,1,Entry-Level,0,0,1
Java Developer,3.75038680429115,1,Entry-Level,0,1,1
Java Developer,2.1551801789290375,1,Entry-Level,0,0,1
Java Developer,3.668753452133603,1,Entry-Level,0,1,0
Java Developer,3.668753452133603,1,Entry-Level,0,1,0
Java Developer,2.711534803624552,1,Entry-Level,0,0,0
Java Developer,3.650748297985516,1,Entry-Level,0,0,0
Java Developer,12.297054509342104,2,Mid-Level,2,0,1
Java Developer,2.2716460922281083,1,Entry-Level,1,2,0
Java Developer,5.252891801287506,1,Entry-Level,1,0,2
Java Developer,2.0,1,Entry-Level,0,0,1
Business Analyst,5.977468978510544,1,Entry-Level,1,1,1
Business Analyst,2.4360206641930375,1,Entry-Level,0,0,0
Business Analyst,6.365850984002632,2,Mid-Level,2,3,1
Business Analyst,8.491125163552839,0,Senior-Level,5,2,1
Business Analyst,1.3539718741884326,1,Entry-Level,0,2,1
Business Analyst,9.049004806826824,2,Mid-Level,3,0,0
Business Analyst,6.365850984002632,2,Mid-Level,2,3,1
Business Analyst,8.491125163552839,0,Senior-Level,5,2,1
Business Analyst,1.3539718741884326,1,Entry-Level,0,2,1
Business Analyst,9.049004806826824,2,Mid-Level,3,0,0
Business Analyst,6.365850984002632,2,Mid-Level,2,3,1
Business Analyst,8.491125163552839,0,Senior-Level,5,2,1
Business Analyst,1.3539718741884326,1,Entry-Level,0,2,1
Business Analyst,9.049004806826824,2,Mid-Level,3,0,0
Business Analyst,5.977468978510544,1,Entry-Level,1,1,1
Business Analyst,2.4360206641930375,1,Entry-Level,0,0,0
Business Analyst,6.365850984002632,2,Mid-Level,2,3,1
Business Analyst,8.491125163552839,0,Senior-Level,5,2,1
Business Analyst,1.3539718741884326,1,Entry-Level,0,2,1
Business Analyst,9.049004806826824,2,Mid-Level,3,0,0
Business Analyst,6.365850984002632,2,Mid-Level,2,3,1
Business Analyst,8.491125163552839,0,Senior-Level,5,2,1
Business Analyst,1.3539718741884326,1,Entry-Level,0,2,1
Business Analyst,9.049004806826824,2,Mid-Level,3,0,0
Business Analyst,6.365850984002632,2,Mid-Level,2,3,1
Business Analyst,8.491125163552839,0,Senior-Level,5,2,1
Business Analyst,1.3539718741884326,1,Entry-Level,0,2,1
Business Analyst,9.049004806826824,2,Mid-Level,3,0,0
SAP Developer,6.353107540201932,1,Entry-Level,1,1,1
SAP Developer,5.7247758479162805,1,Entry-Level,0,0,1
SAP Developer,4.684716262718755,1,Entry-Level,1,0,1
SAP Developer,2.3440771585266367,1,Entry-Level,1,0,0
SAP Developer,3.995376373682767,1,Entry-Level,0,0,0
SAP Developer,10.724460747183112,2,Mid-Level,3,0,3
SAP Developer,6.353107540201932,1,Entry-Level,1,1,1
SAP Developer,5.7247758479162805,1,Entry-Level,0,0,1
SAP Developer,4.684716262718755,1,Entry-Level,1,0,1
SAP Developer,2.3440771585266367,1,Entry-Level,1,0,0
SAP Developer,3.995376373682767,1,Entry-Level,0,0,0
SAP Developer,10.724460747183112,2,Mid-Level,3,0,3
SAP Developer,6.353107540201932,1,Entry-Level,1,1,1
SAP Developer,5.7247758479162805,1,Entry-Level,0,0,1
SAP Developer,4.684716262718755,1,Entry-Level,1,0,1
SAP Developer,2.3440771585266367,1,Entry-Level,1,0,0
SAP Developer,3.995376373682767,1,Entry-Level,0,0,0
SAP Developer,10.724460747183112,2,Mid-Level,3,0,3
SAP Developer,6.353107540201932,1,Entry-Level,1,1,1
SAP Developer,5.7247758479162805,1,Entry-Level,0,0,1
SAP Developer,4.684716262718755,1,Entry-Level,1,0,1
SAP Developer,2.3440771585266367,1,Entry-Level,1,0,0
SAP Developer,3.995376373682767,1,Entry-Level,0,0,0
SAP Developer,10.724460747183112,2,Mid-Level,3,0,3
Automation Testing,2.0,1,Entry-Level,1,1,1
Automation Testing,9.0,2,Mid-Level,2,3,1
Automation Testing,3.88291148694726,1,Entry-Level,0,0,0
Automation Testing,8.613216807281072,2,Mid-Level,4,0,1
Automation Testing,2.263518406879462,1,Entry-Level,0,2,1
Automation Testing,14.563909816930584,2,Mid-Level,2,0,0
Automation Testing,2.5361849938925096,1,Entry-Level,0,0,0
Automation Testing,8.613216807281072,2,Mid-Level,4,0,1
Automation Testing,2.263518406879462,1,Entry-Level,0,2,1
Automation Testing,8.613216807281072,2,Mid-Level,4,0,1
Automation Testing,2.263518406879462,1,Entry-Level,0,2,1
Automation Testing,8.613216807281072,2,Mid-Level,4,0,1
Automation Testing,2.263518406879462,1,Entry-Level,0,2,1
Automation Testing,2.0,1,Entry-Level,1,1,1
Automation Testing,9.0,2,Mid-Level,2,3,1
Automation Testing,3.88291148694726,1,Entry-Level,0,0,0
Automation Testing,8.613216807281072,2,Mid-Level,4,0,1
Automation Testing,2.263518406879462,1,Entry-Level,0,2,1
Automation Testing,14.563909816930584,2,Mid-Level,2,0,0
Automation Testing,2.5361849938925096,1,Entry-Level,0,0,0
Automation Testing,8.613216807281072,2,Mid-Level,4,0,1
Automation Testing,2.263518406879462,1,Entry-Level,0,2,1
Automation Testing,8.613216807281072,2,Mid-Level,4,0,1
Automation Testing,2.263518406879462,1,Entry-Level,0,2,1
Automation Testing,8.613216807281072,2,Mid-Level,4,0,1
Automation Testing,2.263518406879462,1,Entry-Level,0,2,1
Electrical Engineering,4.0,1,Entry-Level,1,1,2
Electrical Engineering,4.060602352949084,1,Entry-Level,1,0,1
Electrical Engineering,5.0,1,Entry-Level,0,0,0
Electrical Engineering,3.7647942865184754,1,Entry-Level,0,0,0
Electrical Engineering,3.3882498997119104,1,Entry-Level,0,0,1
Electrical Engineering,4.0,1,Entry-Level,1,1,2
Electrical Engineering,4.060602352949084,1,Entry-Level,1,0,1
Electrical Engineering,5.0,1,Entry-Level,0,0,0
Electrical Engineering,3.7647942865184754,1,Entry-Level,0,0,0
Electrical Engineering,3.3882498997119104,1,Entry-Level,0,0,1
Electrical Engineering,4.0,1,Entry-Level,1,1,2
Electrical Engineering,4.060602352949084,1,Entry-Level,1,0,1
Electrical Engineering,5.0,1,Entry-Level,0,0,0
Electrical Engineering,3.7647942865184754,1,Entry-Level,0,0,0
Electrical Engineering,3.3882498997119104,1,Entry-Level,0,0,1
Electrical Engineering,4.0,1,Entry-Level,1,1,2
Electrical Engineering,4.060602352949084,1,Entry-Level,1,0,1
Electrical Engineering,5.0,1,Entry-Level,0,0,0
Electrical Engineering,3.7647942865184754,1,Entry-Level,0,0,0
Electrical Engineering,3.3882498997119104,1,Entry-Level,0,0,1
Electrical Engineering,4.0,1,Entry-Level,1,1,2
Electrical Engineering,4.060602352949084,1,Entry-Level,1,0,1
Electrical Engineering,5.0,1,Entry-Level,0,0,0
Electrical Engineering,3.7647942865184754,1,Entry-Level,0,0,0
Electrical Engineering,3.3882498997119104,1,Entry-Level,0,0,1
Electrical Engineering,4.0,1,Entry-Level,1,1,2
Electrical Engineering,4.060602352949084,1,Entry-Level,1,0,1
Electrical Engineering,5.0,1,Entry-Level,0,0,0
Electrical Engineering,3.7647942865184754,1,Entry-Level,0,0,0
Electrical Engineering,3.3882498997119104,1,Entry-Level,0,0,1
Operations Manager,11.207042367347716,0,Senior-Level,5,1,3
Operations Manager,8.855340887453677,0,Senior-Level,4,1,4
Operations Manager,14.373823625984258,0,Senior-Level,2,1,3
Operations Manager,9.36891489988692,0,Senior-Level,5,1,2
Operations Manager,11.207042367347716,0,Senior-Level,5,1,3
Operations Manager,8.855340887453677,0,Senior-Level,4,1,4
Operations Manager,14.373823625984258,0,Senior-Level,2,1,3
Operations Manager,9.36891489988692,0,Senior-Level,5,1,2
Operations Manager,11.207042367347716,0,Senior-Level,5,1,3
Operations Manager,8.855340887453677,0,Senior-Level,4,1,4
Operations Manager,14.373823625984258,0,Senior-Level,2,1,3
Operations Manager,9.36891489988692,0,Senior-Level,5,1,2
Operations Manager,11.207042367347716,0,Senior-Level,5,1,3
Operations Manager,8.855340887453677,0,Senior-Level,4,1,4
Operations Manager,14.373823625984258,0,Senior-Level,2,1,3
Operations Manager,9.36891489988692,0,Senior-Level,5,1,2
Operations Manager,11.207042367347716,0,Senior-Level,5,1,3
Operations Manager,8.855340887453677,0,Senior-Level,4,1,4
Operations Manager,14.373823625984258,0,Senior-Level,2,1,3
Operations Manager,9.36891489988692,0,Senior-Level,5,1,2
Operations Manager,11.207042367347716,0,Senior-Level,5,1,3
Operations Manager,8.855340887453677,0,Senior-Level,4,1,4
Operations Manager,14.373823625984258,0,Senior-Level,2,1,3
Operations Manager,9.36891489988692,0,Senior-Level,5,1,2
Operations Manager,11.207042367347716,0,Senior-Level,5,1,3
Operations Manager,8.855340887453677,0,Senior-Level,4,1,4
Operations Manager,14.373823625984258,0,Senior-Level,2,1,3
Operations Manager,9.36891489988692,0,Senior-Level,5,1,2
Operations Manager,11.207042367347716,0,Senior-Level,5,1,3
Operations Manager,8.855340887453677,0,Senior-Level,4,1,4
Operations Manager,14.373823625984258,0,Senior-Level,2,1,3
Operations Manager,9.36891489988692,0,Senior-Level,5,1,2
Operations Manager,11.207042367347716,0,Senior-Level,5,1,3
Operations Manager,8.855340887453677,0,Senior-Level,4,1,4
Operations Manager,14.373823625984258,0,Senior-Level,2,1,3
Operations Manager,9.36891489988692,0,Senior-Level,5,1,2
Operations Manager,11.207042367347716,0,Senior-Level,5,1,3
Operations Manager,8.855340887453677,0,Senior-Level,4,1,4
Operations Manager,14.373823625984258,0,Senior-Level,2,1,3
Operations Manager,9.36891489988692,0,Senior-Level,5,1,2
Python Developer,2.0,1,Entry-Level,2,1,1
Python Developer,5.618914098673752,1,Entry-Level,0,0,1
Python Developer,2.2939538088339964,1,Entry-Level,0,1,0
Python Developer,2.103334359599418,1,Entry-Level,0,0,0
Python Developer,6.726595082978116,1,Entry-Level,1,1,1
Python Developer,4.38267253080725,1,Entry-Level,0,0,1
Python Developer,2.0,1,Entry-Level,2,1,1
Python Developer,5.618914098673752,1,Entry-Level,0,0,1
Python Developer,2.2939538088339964,1,Entry-Level,0,1,0
Python Developer,2.103334359599418,1,Entry-Level,0,0,0
Python Developer,6.726595082978116,1,Entry-Level,1,1,1
Python Developer,4.38267253080725,1,Entry-Level,0,0,1
Python Developer,2.0,1,Entry-Level,2,1,1
Python Developer,5.618914098673752,1,Entry-Level,0,0,1
Python Developer,2.2939538088339964,1,Entry-Level,0,1,0
Python Developer,2.103334359599418,1,Entry-Level,0,0,0
Python Developer,6.726595082978116,1,Entry-Level,1,1,1
Python Developer,4.38267253080725,1,Entry-Level,0,0,1
Python Developer,2.0,1,Entry-Level,2,1,1
Python Developer,5.618914098673752,1,Entry-Level,0,0,1
Python Developer,2.2939538088339964,1,Entry-Level,0,1,0
Python Developer,2.103334359599418,1,Entry-Level,0,0,0
Python Developer,6.726595082978116,1,Entry-Level,1,1,1
Python Developer,4.38267253080725,1,Entry-Level,0,0,1
Python Developer,2.0,1,Entry-Level,2,1,1
Python Developer,5.618914098673752,1,Entry-Level,0,0,1
Python Developer,2.2939538088339964,1,Entry-Level,0,1,0
Python Developer,2.103334359599418,1,Entry-Level,0,0,0
Python Developer,6.726595082978116,1,Entry-Level,1,1,1
Python Developer,4.38267253080725,1,Entry-Level,0,0,1
Python Developer,2.0,1,Entry-Level,2,1,1
Python Developer,5.618914098673752,1,Entry-Level,0,0,1
Python Developer,2.2939538088339964,1,Entry-Level,0,1,0
Python Developer,2.103334359599418,1,Entry-Level,0,0,0
Python Developer,6.726595082978116,1,Entry-Level,1,1,1
Python Developer,4.38267253080725,1,Entry-Level,0,0,1
Python Developer,2.0,1,Entry-Level,2,1,1
Python Developer,5.618914098673752,1,Entry-Level,0,0,1
Python Developer,2.2939538088339964,1,Entry-Level,0,1,0
Python Developer,2.103334359599418,1,Entry-Level,0,0,0
Python Developer,6.726595082978116,1,Entry-Level,1,1,1
Python Developer,4.38267253080725,1,Entry-Level,0,0,1
Python Developer,2.0,1,Entry-Level,2,1,1
Python Developer,5.618914098673752,1,Entry-Level,0,0,1
Python Developer,2.2939538088339964,1,Entry-Level,0,1,0
Python Developer,2.103334359599418,1,Entry-Level,0,0,0
Python Developer,6.726595082978116,1,Entry-Level,1,1,1
Python Developer,4.38267253080725,1,Entry-Level,0,0,1
DevOps Engineer,13.902986765741971,2,Mid-Level,3,1,1
DevOps Engineer,2.684380026796895,1,Entry-Level,0,0,0
DevOps Engineer,8.701634090934421,2,Mid-Level,2,0,2
DevOps Engineer,11.899428004771403,0,Senior-Level,6,1,2
DevOps Engineer,6.029918699532439,1,Entry-Level,2,1,0
DevOps Engineer,15.0,2,Mid-Level,2,1,1
DevOps Engineer,14.919554854300497,2,Mid-Level,3,1,0
DevOps Engineer,13.902986765741971,2,Mid-Level,3,1,1
DevOps Engineer,2.684380026796895,1,Entry-Level,0,0,0
DevOps Engineer,8.701634090934421,2,Mid-Level,2,0,2
DevOps Engineer,13.902986765741971,2,Mid-Level,3,1,1
DevOps Engineer,2.684380026796895,1,Entry-Level,0,0,0
DevOps Engineer,8.701634090934421,2,Mid-Level,2,0,2
DevOps Engineer,13.902986765741971,2,Mid-Level,3,1,1
DevOps Engineer,2.684380026796895,1,Entry-Level,0,0,0
DevOps Engineer,8.701634090934421,2,Mid-Level,2,0,2
DevOps Engineer,13.902986765741971,2,Mid-Level,3,1,1
DevOps Engineer,2.684380026796895,1,Entry-Level,0,0,0
DevOps Engineer,8.701634090934421,2,Mid-Level,2,0,2
DevOps Engineer,13.902986765741971,2,Mid-Level,3,1,1
DevOps Engineer,2.684380026796895,1,Entry-Level,0,0,0
DevOps Engineer,8.701634090934421,2,Mid-Level,2,0,2
DevOps Engineer,13.902986765741971,2,Mid-Level,3,1,1
DevOps Engineer,2.684380026796895,1,Entry-Level,0,0,0
DevOps Engineer,8.701634090934421,2,Mid-Level,2,0,2
DevOps Engineer,13.902986765741971,2,Mid-Level,3,1,1
DevOps Engineer,2.684380026796895,1,Entry-Level,0,0,0
DevOps Engineer,8.701634090934421,2,Mid-Level,2,0,2
DevOps Engineer,13.902986765741971,2,Mid-Level,3,1,1
DevOps Engineer,2.684380026796895,1,Entry-Level,0,0,0
DevOps Engineer,8.701634090934421,2,Mid-Level,2,0,2
DevOps Engineer,13.902986765741971,2,Mid-Level,3,1,1
DevOps Engineer,2.684380026796895,1,Entry-Level,0,0,0
DevOps Engineer,8.701634090934421,2,Mid-Level,2,0,2
DevOps Engineer,13.902986765741971,2,Mid-Level,3,1,1
DevOps Engineer,2.684380026796895,1,Entry-Level,0,0,0
DevOps Engineer,8.701634090934421,2,Mid-Level,2,0,2
DevOps Engineer,13.902986765741971,2,Mid-Level,3,1,1
DevOps Engineer,2.684380026796895,1,Entry-Level,0,0,0
DevOps Engineer,8.701634090934421,2,Mid-Level,2,0,2
DevOps Engineer,13.902986765741971,2,Mid-Level,3,1,1
DevOps Engineer,2.684380026796895,1,Entry-Level,0,0,0
DevOps Engineer,8.701634090934421,2,Mid-Level,2,0,2
DevOps Engineer,13.902986765741971,2,Mid-Level,3,1,1
DevOps Engineer,2.684380026796895,1,Entry-Level,0,0,0
DevOps Engineer,8.701634090934421,2,Mid-Level,2,0,2
DevOps Engineer,13.902986765741971,2,Mid-Level,3,1,1
DevOps Engineer,2.684380026796895,1,Entry-Level,0,0,0
DevOps Engineer,8.701634090934421,2,Mid-Level,2,0,2
DevOps Engineer,13.902986765741971,2,Mid-Level,3,1,1
DevOps Engineer,2.684380026796895,1,Entry-Level,0,0,0
DevOps Engineer,8.701634090934421,2,Mid-Level,2,0,2
DevOps Engineer,13.902986765741971,2,Mid-Level,3,1,1
DevOps Engineer,2.684380026796895,1,Entry-Level,0,0,0
DevOps Engineer,8.701634090934421,2,Mid-Level,2,0,2
Network Security Engineer,2.4123586189610773,1,Entry-Level,1,2,1
Network Security Engineer,9.793251809706641,2,Mid-Level,1,1,1
Network Security Engineer,2.1009933233611786,1,Entry-Level,1,1,0
Network Security Engineer,12.713505446689137,2,Mid-Level,4,0,0
Network Security Engineer,12.514364504974996,2,Mid-Level,4,0,1
Network Security Engineer,2.4123586189610773,1,Entry-Level,1,2,1
Network Security Engineer,9.793251809706641,2,Mid-Level,1,1,1
Network Security Engineer,2.1009933233611786,1,Entry-Level,1,1,0
Network Security Engineer,12.713505446689137,2,Mid-Level,4,0,0
Network Security Engineer,12.514364504974996,2,Mid-Level,4,0,1
Network Security Engineer,2.4123586189610773,1,Entry-Level,1,2,1
Network Security Engineer,9.793251809706641,2,Mid-Level,1,1,1
Network Security Engineer,2.1009933233611786,1,Entry-Level,1,1,0
Network Security Engineer,12.713505446689137,2,Mid-Level,4,0,0
Network Security Engineer,12.514364504974996,2,Mid-Level,4,0,1
Network Security Engineer,2.4123586189610773,1,Entry-Level,1,2,1
Network Security Engineer,9.793251809706641,2,Mid-Level,1,1,1
Network Security Engineer,2.1009933233611786,1,Entry-Level,1,1,0
Network Security Engineer,12.713505446689137,2,Mid-Level,4,0,0
Network Security Engineer,12.514364504974996,2,Mid-Level,4,0,1
Network Security Engineer,2.4123586189610773,1,Entry-Level,1,2,1
Network Security Engineer,9.793251809706641,2,Mid-Level,1,1,1
Network Security Engineer,2.1009933233611786,1,Entry-Level,1,1,0
Network Security Engineer,12.713505446689137,2,Mid-Level,4,0,0
Network Security Engineer,12.514364504974996,2,Mid-Level,4,0,1
PMO,6.0,0,Senior-Level,3,1,2
PMO,11.918488872691992,0,Senior-Level,6,1,2
PMO,5.433041654263745,1,Entry-Level,2,1,0
PMO,6.0,0,Senior-Level,3,1,2
PMO,11.918488872691992,0,Senior-Level,6,1,2
PMO,5.433041654263745,1,Entry-Level,2,1,0
PMO,6.0,0,Senior-Level,3,1,2
PMO,11.918488872691992,0,Senior-Level,6,1,2
PMO,5.433041654263745,1,Entry-Level,2,1,0
PMO,6.0,0,Senior-Level,3,1,2
PMO,11.918488872691992,0,Senior-Level,6,1,2
PMO,5.433041654263745,1,Entry-Level,2,1,0
PMO,6.0,0,Senior-Level,3,1,2
PMO,11.918488872691992,0,Senior-Level,6,1,2
PMO,5.433041654263745,1,Entry-Level,2,1,0
PMO,6.0,0,Senior-Level,3,1,2
PMO,11.918488872691992,0,Senior-Level,6,1,2
PMO,5.433041654263745,1,Entry-Level,2,1,0
PMO,6.0,0,Senior-Level,3,1,2
PMO,11.918488872691992,0,Senior-Level,6,1,2
PMO,5.433041654263745,1,Entry-Level,2,1,0
PMO,6.0,0,Senior-Level,3,1,2
PMO,11.918488872691992,0,Senior-Level,6,1,2
PMO,5.433041654263745,1,Entry-Level,2,1,0
PMO,6.0,0,Senior-Level,3,1,2
PMO,11.918488872691992,0,Senior-Level,6,1,2
PMO,5.433041654263745,1,Entry-Level,2,1,0
PMO,6.0,0,Senior-Level,3,1,2
PMO,11.918488872691992,0,Senior-Level,6,1,2
PMO,5.433041654263745,1,Entry-Level,2,1,0
Database,10.97911410717173,2,Mid-Level,4,0,2
Database,13.270131340911226,2,Mid-Level,4,1,1
Database,11.0,2,Mid-Level,3,1,0
Database,7.634335754269801,1,Entry-Level,1,0,1
Database,2.0,1,Entry-Level,0,0,0
Database,4.0,1,Entry-Level,4,0,0
Database,3.5988509413468988,1,Entry-Level,0,1,1
Database,5.601513548248175,1,Entry-Level,1,0,1
Database,8.685190408651383,2,Mid-Level,3,0,1
Database,10.71641783806076,2,Mid-Level,2,0,1
Database,12.734957446975216,2,Mid-Level,1,0,2
Database,10.97911410717173,2,Mid-Level,4,0,2
Database,13.270131340911226,2,Mid-Level,4,1,1
Database,11.0,2,Mid-Level,3,1,0
Database,7.634335754269801,1,Entry-Level,1,0,1
Database,2.0,1,Entry-Level,0,0,0
Database,4.0,1,Entry-Level,4,0,0
Database,3.5988509413468988,1,Entry-Level,0,1,1
Database,5.601513548248175,1,Entry-Level,1,0,1
Database,8.685190408651383,2,Mid-Level,3,0,1
Database,10.71641783806076,2,Mid-Level,2,0,1
Database,12.734957446975216,2,Mid-Level,1,0,2
Database,10.97911410717173,2,Mid-Level,4,0,2
Database,13.270131340911226,2,Mid-Level,4,1,1
Database,11.0,2,Mid-Level,3,1,0
Database,7.634335754269801,1,Entry-Level,1,0,1
Database,2.0,1,Entry-Level,0,0,0
Database,4.0,1,Entry-Level,4,0,0
Database,3.5988509413468988,1,Entry-Level,0,1,1
Database,5.601513548248175,1,Entry-Level,1,0,1
Database,8.685190408651383,2,Mid-Level,3,0,1
Database,10.71641783806076,2,Mid-Level,2,0,1
Database,12.734957446975216,2,Mid-Level,1,0,2
Hadoop,7.7458916207487425,1,Entry-Level,0,0,1
Hadoop,0.26972885446835515,1,Entry-Level,0,1,0
Hadoop,13.374540630535442,2,Mid-Level,2,1,2
Hadoop,10.034352544379256,2,Mid-Level,3,0,1
Hadoop,7.079944518718079,1,Entry-Level,1,0,1
Hadoop,5.087329319111252,1,Entry-Level,1,0,1
Hadoop,6.818830089120878,1,Entry-Level,2,0,0
Hadoop,7.7458916207487425,1,Entry-Level,0,0,1
Hadoop,0.26972885446835515,1,Entry-Level,0,1,0
Hadoop,13.374540630535442,2,Mid-Level,2,1,2
Hadoop,10.034352544379256,2,Mid-Level,3,0,1
Hadoop,7.079944518718079,1,Entry-Level,1,0,1
Hadoop,5.087329319111252,1,Entry-Level,1,0,1
Hadoop,6.818830089120878,1,Entry-Level,2,0,0
Hadoop,7.7458916207487425,1,Entry-Level,0,0,1
Hadoop,0.26972885446835515,1,Entry-Level,0,1,0
Hadoop,13.374540630535442,2,Mid-Level,2,1,2
Hadoop,10.034352544379256,2,Mid-Level,3,0,1
Hadoop,7.079944518718079,1,Entry-Level,1,0,1
Hadoop,5.087329319111252,1,Entry-Level,1,0,1
Hadoop,6.818830089120878,1,Entry-Level,2,0,0
Hadoop,7.7458916207487425,1,Entry-Level,0,0,1
Hadoop,0.26972885446835515,1,Entry-Level,0,1,0
Hadoop,13.374540630535442,2,Mid-Level,2,1,2
Hadoop,10.034352544379256,2,Mid-Level,3,0,1
Hadoop,7.079944518718079,1,Entry-Level,1,0,1
Hadoop,5.087329319111252,1,Entry-Level,1,0,1
Hadoop,6.818830089120878,1,Entry-Level,2,0,0
Hadoop,7.7458916207487425,1,Entry-Level,0,0,1
Hadoop,0.26972885446835515,1,Entry-Level,0,1,0
Hadoop,13.374540630535442,2,Mid-Level,2,1,2
Hadoop,10.034352544379256,2,Mid-Level,3,0,1
Hadoop,7.079944518718079,1,Entry-Level,1,0,1
Hadoop,5.087329319111252,1,Entry-Level,1,0,1
Hadoop,6.818830089120878,1,Entry-Level,2,0,0
Hadoop,7.7458916207487425,1,Entry-Level,0,0,1
Hadoop,0.26972885446835515,1,Entry-Level,0,1,0
Hadoop,13.374540630535442,2,Mid-Level,2,1,2
Hadoop,10.034352544379256,2,Mid-Level,3,0,1
Hadoop,7.079944518718079,1,Entry-Level,1,0,1
Hadoop,5.087329319111252,1,Entry-Level,1,0,1
Hadoop,6.818830089120878,1,Entry-Level,2,0,0
ETL Developer,5.472181483707409,1,Entry-Level,0,0,1
ETL Developer,9.014862197080074,2,Mid-Level,3,0,1
ETL Developer,3.518298727488454,1,Entry-Level,0,0,0
ETL Developer,13.40852678090576,2,Mid-Level,1,0,2
ETL Developer,5.236539926526615,1,Entry-Level,0,0,1
ETL Developer,5.472181483707409,1,Entry-Level,0,0,1
ETL Developer,9.014862197080074,2,Mid-Level,3,0,1
ETL Developer,3.518298727488454,1,Entry-Level,0,0,0
ETL Developer,13.40852678090576,2,Mid-Level,1,0,2
ETL Developer,5.236539926526615,1,Entry-Level,0,0,1
ETL Developer,5.472181483707409,1,Entry-Level,0,0,1
ETL Developer,9.014862197080074,2,Mid-Level,3,0,1
ETL Developer,3.518298727488454,1,Entry-Level,0,0,0
ETL Developer,13.40852678090576,2,Mid-Level,1,0,2
ETL Developer,5.236539926526615,1,Entry-Level,0,0,1
ETL Developer,5.472181483707409,1,Entry-Level,0,0,1
ETL Developer,9.014862197080074,2,Mid-Level,3,0,1
ETL Developer,3.518298727488454,1,Entry-Level,0,0,0
ETL Developer,13.40852678090576,2,Mid-Level,1,0,2
ETL Developer,5.236539926526615,1,Entry-Level,0,0,1
ETL Developer,5.472181483707409,1,Entry-Level,0,0,1
ETL Developer,9.014862197080074,2,Mid-Level,3,0,1
ETL Developer,3.518298727488454,1,Entry-Level,0,0,0
ETL Developer,13.40852678090576,2,Mid-Level,1,0,2
ETL Developer,5.236539926526615,1,Entry-Level,0,0,1
ETL Developer,5.472181483707409,1,Entry-Level,0,0,1
ETL Developer,9.014862197080074,2,Mid-Level,3,0,1
ETL Developer,3.518298727488454,1,Entry-Level,0,0,0
ETL Developer,13.40852678090576,2,Mid-Level,1,0,2
ETL Developer,5.236539926526615,1,Entry-Level,0,0,1
ETL Developer,5.472181483707409,1,Entry-Level,0,0,1
ETL Developer,9.014862197080074,2,Mid-Level,3,0,1
ETL Developer,3.518298727488454,1,Entry-Level,0,0,0
ETL Developer,13.40852678090576,2,Mid-Level,1,0,2
ETL Developer,5.236539926526615,1,Entry-Level,0,0,1
ETL Developer,5.472181483707409,1,Entry-Level,0,0,1
ETL Developer,9.014862197080074,2,Mid-Level,3,0,1
ETL Developer,3.518298727488454,1,Entry-Level,0,0,0
ETL Developer,13.40852678090576,2,Mid-Level,1,0,2
ETL Developer,5.236539926526615,1,Entry-Level,0,0,1
DotNet Developer,3.1182020168050593,1,Entry-Level,0,0,0
DotNet Developer,2.2289367488758653,1,Entry-Level,0,0,0
DotNet Developer,1.0,1,Entry-Level,2,0,0
DotNet Developer,3.918493541849088,1,Entry-Level,0,0,0
DotNet Developer,10.063223469511879,2,Mid-Level,2,0,1
DotNet Developer,6.023084774827186,0,Senior-Level,2,2,1
DotNet Developer,2.179068498582892,1,Entry-Level,0,0,0
DotNet Developer,3.1182020168050593,1,Entry-Level,0,0,0
DotNet Developer,2.2289367488758653,1,Entry-Level,0,0,0
DotNet Developer,1.0,1,Entry-Level,2,0,0
DotNet Developer,3.918493541849088,1,Entry-Level,0,0,0
DotNet Developer,10.063223469511879,2,Mid-Level,2,0,1
DotNet Developer,6.023084774827186,0,Senior-Level,2,2,1
DotNet Developer,2.179068498582892,1,Entry-Level,0,0,0
DotNet Developer,3.1182020168050593,1,Entry-Level,0,0,0
DotNet Developer,2.2289367488758653,1,Entry-Level,0,0,0
DotNet Developer,1.0,1,Entry-Level,2,0,0
DotNet Developer,3.918493541849088,1,Entry-Level,0,0,0
DotNet Developer,10.063223469511879,2,Mid-Level,2,0,1
DotNet Developer,6.023084774827186,0,Senior-Level,2,2,1
DotNet Developer,2.179068498582892,1,Entry-Level,0,0,0
DotNet Developer,3.1182020168050593,1,Entry-Level,0,0,0
DotNet Developer,2.2289367488758653,1,Entry-Level,0,0,0
DotNet Developer,1.0,1,Entry-Level,2,0,0
DotNet Developer,3.918493541849088,1,Entry-Level,0,0,0
DotNet Developer,10.063223469511879,2,Mid-Level,2,0,1
DotNet Developer,6.023084774827186,0,Senior-Level,2,2,1
DotNet Developer,2.179068498582892,1,Entry-Level,0,0,0
Blockchain,4.030381958566499,1,Entry-Level,1,0,0
Blockchain,12.717582650406282,2,Mid-Level,2,0,1
Blockchain,3.6148068806648013,1,Entry-Level,0,0,0
Blockchain,6.66167057513786,1,Entry-Level,0,0,1
Blockchain,5.555767443420917,1,Entry-Level,2,2,1
Blockchain,4.030381958566499,1,Entry-Level,1,0,0
Blockchain,12.717582650406282,2,Mid-Level,2,0,1
Blockchain,3.6148068806648013,1,Entry-Level,0,0,0
Blockchain,6.66167057513786,1,Entry-Level,0,0,1
Blockchain,5.555767443420917,1,Entry-Level,2,2,1
Blockchain,4.030381958566499,1,Entry-Level,1,0,0
Blockchain,12.717582650406282,2,Mid-Level,2,0,1
Blockchain,3.6148068806648013,1,Entry-Level,0,0,0
Blockchain,6.66167057513786,1,Entry-Level,0,0,1
Blockchain,5.555767443420917,1,Entry-Level,2,2,1
Blockchain,4.030381958566499,1,Entry-Level,1,0,0
Blockchain,12.717582650406282,2,Mid-Level,2,0,1
Blockchain,3.6148068806648013,1,Entry-Level,0,0,0
Blockchain,6.66167057513786,1,Entry-Level,0,0,1
Blockchain,5.555767443420917,1,Entry-Level,2,2,1
Blockchain,4.030381958566499,1,Entry-Level,1,0,0
Blockchain,12.717582650406282,2,Mid-Level,2,0,1
Blockchain,3.6148068806648013,1,Entry-Level,0,0,0
Blockchain,6.66167057513786,1,Entry-Level,0,0,1
Blockchain,5.555767443420917,1,Entry-Level,2,2,1
Blockchain,4.030381958566499,1,Entry-Level,1,0,0
Blockchain,12.717582650406282,2,Mid-Level,2,0,1
Blockchain,3.6148068806648013,1,Entry-Level,0,0,0
Blockchain,6.66167057513786,1,Entry-Level,0,0,1
Blockchain,5.555767443420917,1,Entry-Level,2,2,1
Blockchain,4.030381958566499,1,Entry-Level,1,0,0
Blockchain,12.717582650406282,2,Mid-Level,2,0,1
Blockchain,3.6148068806648013,1,Entry-Level,0,0,0
Blockchain,6.66167057513786,1,Entry-Level,0,0,1
Blockchain,5.555767443420917,1,Entry-Level,2,2,1
Blockchain,4.030381958566499,1,Entry-Level,1,0,0
Blockchain,12.717582650406282,2,Mid-Level,2,0,1
Blockchain,3.6148068806648013,1,Entry-Level,0,0,0
Blockchain,6.66167057513786,1,Entry-Level,0,0,1
Blockchain,5.555767443420917,1,Entry-Level,2,2,1
Testing,3.825426063595782,1,Entry-Level,1,0,0
Testing,7.797107665854613,1,Entry-Level,1,0,1
Testing,2.9973996998847428,1,Entry-Level,0,1,1
Testing,6.8878600813190705,1,Entry-Level,1,0,1
Testing,9.346205637557086,2,Mid-Level,2,1,2
Testing,2.4304724271163076,1,Entry-Level,0,0,1
Testing,2.5244081464801686,1,Entry-Level,1,1,0
Testing,3.825426063595782,1,Entry-Level,1,0,0
Testing,7.797107665854613,1,Entry-Level,1,0,1
Testing,2.9973996998847428,1,Entry-Level,0,1,1
Testing,6.8878600813190705,1,Entry-Level,1,0,1
Testing,9.346205637557086,2,Mid-Level,2,1,2
Testing,2.4304724271163076,1,Entry-Level,0,0,1
Testing,2.5244081464801686,1,Entry-Level,1,1,0
Testing,3.825426063595782,1,Entry-Level,1,0,0
Testing,7.797107665854613,1,Entry-Level,1,0,1
Testing,2.9973996998847428,1,Entry-Level,0,1,1
Testing,6.8878600813190705,1,Entry-Level,1,0,1
Testing,9.346205637557086,2,Mid-Level,2,1,2
Testing,2.4304724271163076,1,Entry-Level,0,0,1
Testing,2.5244081464801686,1,Entry-Level,1,1,0
Testing,3.825426063595782,1,Entry-Level,1,0,0
Testing,7.797107665854613,1,Entry-Level,1,0,1
Testing,2.9973996998847428,1,Entry-Level,0,1,1
Testing,6.8878600813190705,1,Entry-Level,1,0,1
Testing,9.346205637557086,2,Mid-Level,2,1,2
Testing,2.4304724271163076,1,Entry-Level,0,0,1
Testing,2.5244081464801686,1,Entry-Level,1,1,0
Testing,3.825426063595782,1,Entry-Level,1,0,0
Testing,7.797107665854613,1,Entry-Level,1,0,1
Testing,2.9973996998847428,1,Entry-Level,0,1,1
Testing,6.8878600813190705,1,Entry-Level,1,0,1
Testing,9.346205637557086,2,Mid-Level,2,1,2
Testing,2.4304724271163076,1,Entry-Level,0,0,1
Testing,2.5244081464801686,1,Entry-Level,1,1,0
Testing,3.825426063595782,1,Entry-Level,1,0,0
Testing,7.797107665854613,1,Entry-Level,1,0,1
Testing,2.9973996998847428,1,Entry-Level,0,1,1
Testing,6.8878600813190705,1,Entry-Level,1,0,1
Testing,9.346205637557086,2,Mid-Level,2,1,2
Testing,2.4304724271163076,1,Entry-Level,0,0,1
Testing,2.5244081464801686,1,Entry-Level,1,1,0
Testing,3.825426063595782,1,Entry-Level,1,0,0
Testing,7.797107665854613,1,Entry-Level,1,0,1
Testing,2.9973996998847428,1,Entry-Level,0,1,1
Testing,6.8878600813190705,1,Entry-Level,1,0,1
Testing,9.346205637557086,2,Mid-Level,2,1,2
Testing,2.4304724271163076,1,Entry-Level,0,0,1
Testing,2.5244081464801686,1,Entry-Level,1,1,0
Testing,3.825426063595782,1,Entry-Level,1,0,0
Testing,7.797107665854613,1,Entry-Level,1,0,1
Testing,2.9973996998847428,1,Entry-Level,0,1,1
Testing,6.8878600813190705,1,Entry-Level,1,0,1
Testing,9.346205637557086,2,Mid-Level,2,1,2
Testing,2.4304724271163076,1,Entry-Level,0,0,1
Testing,2.5244081464801686,1,Entry-Level,1,1,0
Testing,3.825426063595782,1,Entry-Level,1,0,0
Testing,7.797107665854613,1,Entry-Level,1,0,1
Testing,2.9973996998847428,1,Entry-Level,0,1,1
Testing,6.8878600813190705,1,Entry-Level,1,0,1
Testing,9.346205637557086,2,Mid-Level,2,1,2
Testing,2.4304724271163076,1,Entry-Level,0,0,1
Testing,2.5244081464801686,1,Entry-Level,1,1,0
Testing,3.825426063595782,1,Entry-Level,1,0,0
Testing,7.797107665854613,1,Entry-Level,1,0,1
Testing,2.9973996998847428,1,Entry-Level,0,1,1
Testing,6.8878600813190705,1,Entry-Level,1,0,1
Testing,9.346205637557086,2,Mid-Level,2,1,2
Testing,2.4304724271163076,1,Entry-Level,0,0,1
Testing,2.5244081464801686,1,Entry-Level,1,1,0
